www.algorithms.com,www.computerscience.net
www.algorithms.com,www.github.com
www.github.com,www.w3schools.com
www.github.com,www.isocpp.org
www.github.com,www.computergate.com
www.hardwareshop.com,www.computergate.com
www.computergate.com,www.w3schools.com
www.hardwareshop.com,www.cplusplus.com
www.hardwareshop.com,www.isocpp.org
www.datascientist.org,www.leetcode.com
www.datascientist.org,www.learncpp.com
www.learncpp.com,www.datascientist.org
www.programmer.org,www.hardwareshop.com
www.programmer.org,www.udemy.com
www.programmer.org,www.uiprogrammer.org
www.uiprogrammer.org,www.javatpoint.com
www.software.com,www.javatpoint.com
www.javatpoint.com,www.algorithms.com
www.software.com,www.programming.com
www.programming.com,www.programiz.com
www.programiz.com,www.computer.org
www.leetcode.com,www.programiz.com
www.geeksforgeeks.com,www.wired.com
www.geeksforgeeks.com,www.w3schools.com
www.geeksforgeeks.com,www.algorithms.com
www.geeksforgeeks.com,www.java.com
www.leetcode.com,www.java.com
www.java.com,www.tutorialspoint.com
www.tutorialspoint.com,www.wikipedia.org
www.towardscomputerscience.com,www.programmer.org
www.towardscomputerscience.com,www.w3schools.com
www.towardscomputerscience.com,www.wired.com
www.udemy.com,www.towardscomputerscience.com
www.udicity.com,www.geeksforgeeks.com
www.udicity.com,www.wikipedia.org
www.udicity.com,www.python.org
www.udicity.com,www.stackoverflow.com
www.stackoverflow.com,www.python.org
www.stackoverflow.com,www.wikipedia.org
www.stackoverflow.com,www.software.com
www.computer.org,www.python.org
www.udemy.com,www.computer.org
www.w3schools.com,www.udicity.com
www.wikipedia.org,www.wired.com
www.isocpp.org,www.wikipedia.org
www.w3schools.com,www.wikipedia.org
www.w3schools.com,www.tutorialspoint.com
www.cplusplus.com,www.hardware.com
www.hardware.com,www.geeksforgeeks.com
www.cplusplus.com,www.software.com
www.python.org,www.softwaretesting.com
www.softwaretesting.com,www.leetcode.com
www.computerscience.net,www.leetcode.com
www.wired.com,www.algorithms.com
www.wired.com,www.programmer.org
www.tutorialspoint.com,programmer.org
