www.geeksforgeeks.com,c++,java,data,data structure,algorithm,structure,programming,dynamic programming,python,machine,ai
www.algorithms.com,data,data structure,algorithm,structure,programming,machine learning,ai,complexity,object,class,struct
www.hardware.com,structure,machine,machine learning,ai,complexity,object,class,struct,
www.hardwareshop.com,structure,machine,machine learning,ai,complexity,object,class,struct,
www.programming.com,c++,java,data,programming,machine learning,ai,complexity,object,
www.computergate.com,graph,dynamic,dynamic programming,python,machine,object,class,struct,
www.datascientist.org,c++,data,algorithm,structure,programming,graph,dynamic programming,python,machine,machine learning,ai,
www.computerscience.net,c++,java,data,data,structure,algorithm,structure,programming,graph,dynamic,dynamic programming,python,
www.programmer.org,c++,java,data,data structure,programming,graph,dynamic,dynamic programming,machine,machine learning,
www.javatpoint.com,java,data,data structure,algorithm,structure,programming,dynamic programming,python,machine,machine learning,complexity,object,class,
www.software.com,c++,java,data,data structure,algorithm,dynamic,dynamic programming,python,machine learning,ai,complexity,class,struct,
www.leetcode.com,c++,java,data,data structure,algorithm,structure,programming,graph,dynamic,dynamic programming,python,complexity,object,class,
www.towardscomputerscience.com,c++,java,data,data structure,algorithm,structure,programming,graph,dynamic programming,machine learning,ai,complexity,object,class,struct,
www.udicity.com,c++,java,data,data structure,programming,graph,dynamic,dynamic programming,python,
www.computer.org,java,algorithm,structure,programming,python,machine,machine learning,ai,complexity,object,class,
www.wikipedia.org,structure,algorithm,structure,programming,graph,dynamic,dynamic programming,object,class,struct,
www.udemy.com,java,data,data structure,algorithm,structure,programming,graph,dynamic,dynamic programming,object,class,struct,
www.w3schools.com,c++,java,graph,dynamic,dynamic programming,python,machine,machine learning,ai,
www.cplusplus.com,c++,structure,programming,graph,python,machine,machine learning,ai,complexity,object,
www.isocpp.org,c++,java,data,
www.programiz.com,c++,data,data structure,algorithm,object,class,struct,
www.learncpp.com,c++,data,data structure,algorithm,structure,programming,graph,dynamic programming,python,class,struct,
www.stackoverflow.com,c++,java,data,data structure,algorithm,dynamic,dynamic programming,python,machine,machine learning,ai,complexity,
www.java.com,java,data,data structure,algorithm,programming,python,machine,machine learning,ai,complexity,object
www.python.org,python,machine,machine learning,ai,
www.tutorialspoint.com,c++,java,programming,machine learning,ai,complexity,object,
www.softwaretesting.com,programming,graph,dynamic,dynamic programming,machine learning,ai,complexity,object,class,struct,
www.uiprogrammer.org,graph,dynamic,dynamic programming,python,object,class,struct,
www.github.com,c++,java,data,data structure,algorithm,
www.wired.com,c++,java,data,data structure,algorithm,graph,dynamic,dynamic programming,python,machine,machine learning,