username,car_model
smithshane,Vectra
farleyjames,FRV Cross
martinthomas,Coupe
amyponce,Sephia
grace57,CLA 200
maureen18,DS7
mossjohn,Echo
valdezjennifer,Captiva
kyleescobar,520
eduardo38,Xpander
jennifer78,MG 750
lisa61,Edge
aramsey,TT
williamroberts,Octavia
melodytaylor,Van
jennifergardner,CLA 200
petermack,A516
daydeborah,Siena
tracy13,ZS
kimberlybrewer,Trailblazer
ccook,Range Rover Vogue
charlessharp,Evoque
craig72,X4
rodriguezeric,Sportage
larry50,L3
brownkelly,C230
dwells,ZS
perkinsoscar,Camaro
gsmith,128
whiteleah,EADO
kirkwilliam,Range Rover
matthewgolden,Auris
amyshea,DS3
langjessica,XF
vwilson,3
andrea11,Sebring
cameronjohnson,PT Cruiser
robert16,Waja
emcknight,Hilux
reedlarry,Arrizo 5
petermack,F3
qanderson,Gen-2
whitedaniel,MG 5
dwells,S400
beasleyjeffrey,Focus
julianmorgan,Pacifica
mitchellshawn,Countryman
jeffrey09,Boxster
steven54,Scala
larry57,Rav 4
joel34,Caddy
robertrangel,A620
teresa93,C250
gregory19,E-Pace
jennifer09,Accord
grogers,GLS
johnsonhenry,Swift
qkennedy,GLK 250
thomas89,Charger
jenniferfrank,525
xhansen,Solaris
samuel65,Belta
jhernandez,21
amysnow,MG 750
monica91,Duster
riveragarrett,ID4
ian25,530
phillip25,Pegas
pam80,Sephia
cbenton,A180
phillipsandoval,Envy
thomas89,X70
david23,2106
emilywalker,LR3
joshua36,406
millerkathryn,3
cliffordlopez,Range Rover Sport
brooksraymond,DS3
jacobsonallen,Tipo
ehill,X2
williamroberts,Cherokee
alyssabarr,B200
lauren35,Rush
perezelizabeth,D-Max
carolbarker,Edge
rmorgan,Tiguan
matthewsosa,M11
normahuerta,Xsara
cannonamy,GLA 200
hooperlucas,X30
nicolemcgee,Q2
whitedaniel,Kadjar
josephavila,Fluence
ritaward,GLC 200
aking,118
hfox,T55
martinthomas,GLS
ritaward,Santa Fe
hodgemary,N300
garciatroy,Ghibli
heather98,Gen-2
thomaswashington,S400
omaxwell,A1
rodriguezjenna,Ka
stephenmorrison,A113
dvance,Santa Fe
jmorris,Xsara
matthewscody,DS5
rbridges,C4 Picasso
jhernandez,CLS
williamsjames,A8
lbrooks,MG 750
xlambert,Karoq
goodmandanny,Fusion
geneibarra,Range Rover Vogue
jrice,Bentayga
carlos77,T55
amyshea,Panamera
rhickman,Kamiq
qvincent,Arona
bauerandrea,Leon
tbryant,Clio
xfreeman,Jumpy
whitedaniel,Sebring
kreed,Qashqai
fuentesanthony,C-Elysée
mcgeewendy,Santamo
daniel06,Van
joseph91,Other
cookeandrew,Trailblazer
edward75,Siena
lindastanley,A7
johnvaughn,B200
vanessa12,Yaris
meyerrobert,Maybach
tortiz,Model Y
kenneth93,J7
justin46,Megane
joan28,E350
ismith,A200
jacobsonallen,640
ogonzalez,E63
zacharydavila,Maybach
holtelizabeth,Santamo
melodytaylor,Model 3
travisregina,Tivoli XLV
hurstmelissa,Matrix
duncankara,Foton
thomastaylor,Sentra
dmcintyre,V5
walkerdavid,Yaris
christopherortiz,Carrera
corey85,Grand I10
antonio70,320
kevinaguirre,Flying Spur
ashleymichael,X35
rstrong,Veloster
bryantamanda,5008
victor89,Discovery
robin35,Pegas
donnatodd,H530
robert61,Captiva
michaelwalls,Cordoba
melissa54,A4
currynathan,S350
robin35,Belta
vsanders,A516
stephenmorrison,528
tpace,Previa
uroach,A6
andrecastro,Roomster
joseph88,T600
desireejohnson,M11
melissa75,Gran Max
rebeccapreston,Cooper Paceman
kreed,SX4
grivera,21
haileykelley,A200
carolbarker,E180
brandicummings,FSV
blanchardelizabeth,A6
lwilliams,Logan
jimmy49,Megane
craig72,Corvette
kellytorres,Verna
joseph28,Macan
ccortez,S-Presso
davismatthew,Challenger
maurice65,Impreza
rbridges,Tarraco
kevinaguirre,SX4
michelle38,A150
holmesdavid,Q5
vfletcher,330
danielle58,Q5
normahuerta,Arona
joshua36,Malibu
patrick79,SX4
kimberlypowell,GLK 250
vkrause,Sebring
jhernandez,318
arthurrose,Juke
rflores,Rio
powelljennifer,Astra
lbrooks,Leganza
jgarza,Gen-2
bettyfinley,G-Class
mharmon,I20
tylerpowell,S500
morrischristopher,2008
brianmeyer,Jetta
uray,Countryman
sdiaz,X30
langjessica,Veloster
qmiller,Juliet
ccook,Coupe
kristengrant,E180
harrellcurtis,Kadjar
nsmith,EADO
lhaynes,Captur
jmorris,Cerato
hhill,Petra
laurenramirez,Tipo
garciajason,Pacifica
frank16,JS4
rebeccamccarthy,Avanza
dawn16,C-HR
arobinson,Rumion
jeffreycallahan,500
wagnermichael,128
nbaker,Sandero Stepway
kristen32,128
kstewart,301
justin71,Pickup/Dababa
ngonzalez,Windstar
aramsey,Ciaz
russellrichardson,307 SW
rrodriguez,Cerato Coupe
reedbrooke,FSV
kevin21,Pegas
garnermichele,I10
jacksondaniel,XF
brooksvictor,J7
pacejenny,C280
zblake,Edge
donnamartinez,Continental
brianna11,FRV Cross
maureen18,Ghost
kathrynharrison,6
juan47,Pajero
jonesdavid,Coupe
amy45,Rio
rodriguezmichael,Ciaz
tadams,E-Pace
kellytorres,Jazz
peterstimothy,Rapid
estradajoshua,Matrix
fscott,JS4
currynathan,Petra
kreed,Jetta
john47,Fluence
terry43,Sorento
steven56,C5
bakermallory,Caddy
jasonlopez,Malibu
shernandez,Benni mini
antonio07,Kodiaq
faith22,Legacy
jamesgriffin,City
charlesibarra,Tiba
phillipsandoval,QX
garnermichele,Gen-2
gmcintyre,T600
warren92,508
mcgeewendy,Granta
zhickman,Malibu
cannonamy,Jumpy
eduardo38,A7
harmoneric,Santamo
johnnygomez,Maruti
usmith,Sorento
vsanders,Van
hday,C4 Picasso
sawyerelizabeth,Tarraco
jacksondaniel,E63
brandy95,s60
kevinsmith,Arrizo 5
zacharywilkins,Auris
qmendez,T55
frank51,Sebring
phillip25,Nubira
rodgersbenjamin,F-Pace
vsanders,QX
doris67,Insignia
dwells,Shuma
valdezjennifer,630
matthew98,Tivoli
carterkaitlyn,Zaz
liukristopher,Spark
psmith,Sunny
warrenjennifer,Tiida
colemantracy,Liberty
holtelizabeth,330
bettyfinley,Crossland
psmith,340
beasleyjeffrey,V7
yacevedo,Tiida
tcastillo,Cascada
gregory15,Corvette
gonzalezsandra,Jinbei
arthurrose,FRV Cross
paulrichardson,Sportage
ngonzalez,E350
hailey50,Octavia
evansrobyn,Vectra
laurenramirez,Sierra
danielleaustin,C4 Picasso
beasleyjeffrey,Corvette
mitchellshawn,GLC 200
normahuerta,Accent
sabrinathompson,GLE-Class
jennifer78,Q5
bauerandrea,A1
samantha16,Superb
juan47,Tivoli XLV
vstewart,s60
marellano,Granta
asanchez,Liberty
thompsonsteven,Santamo
ewalker,Vectra
coreyjohnson,Pickup
umccann,Tiba
kristenmarquez,520
garciajason,Accord
joseph08,L3
ygutierrez,S500
craig72,Verna
dawn16,E-Pace
emilymclaughlin,Lanos
laurenmiller,Solaris
xlambert,E350
ebonysanchez,2110
craig72,CC
jamie18,630
hodgemary,Range Rover Sport SVR
lwright,301
millerdennis,Punto
heather95,Range Rover Sport SVR
martinthomas,Tarraco
ncarroll,208
jose27,Challenger
woodluke,Octavia
robert38,T600
ashleyjason,Renegade
alecsmith,Xpander
crystal70,A620
jacksondaniel,Terios
hortonedward,A150
emma71,E250
lynnlauren,630
josephavila,Q7
brianmeyer,508
woodardsharon,X95
patrick79,Ka
vmyers,Xpander
stephenmorrison,Expedition
michelle95,Duster
richardjimenez,Ciaz
andrewsmith,C3 Picasso
kreed,Bayon
underwoodemily,GLE-Class
ebonysanchez,508
amyponce,Vitara
miguelcastillo,DS7
sullivandonald,Malibu
kirkwilliam,G-Class
edward75,Granta
lambertallison,Picanto
rgarrison,Waja
swansonrobert,Edge
vsanders,Wrangler
amybell,Punto
moralesjoanna,Eclipse
samantha16,Ghost
kristina66,Model Y
wphillips,535
normahuerta,GLC 200
garciathomas,Ertiga
tony02,Santa Fe
pedro86,TT
jonesdavid,A6
vincentburton,Alto
rollinsmelinda,Model Y
brandypratt,E220
julie67,500X
lisa36,2107
cookeandrew,Land Cruiser
wesley83,Leganza
younglaura,X35
tadams,3
dianecarter,Polo
steeledenise,F-Pace
bakermallory,Santa Fe
rgarrison,Coupe
hilldaniel,Mustang
briancobb,2008
cochranjames,B180
andersonsamantha,Waja
angela22,2106
vickiejordan,Leon
alexissanchez,Leon
angela22,CL-Class
kreed,Yaris
huynhbrian,Corvette
dawn83,Cherokee
fitzgeraldjeffrey,Maybach
grace57,Van
longmary,Sierra
hilldaniel,Ghost
kristen32,N200
ronaldpeterson,A5
davismatthew,Rio
steve38,Super Panda
catherinelee,Meriva
umoore,Range Rover Sport
parkerdeanna,Giulia
jessicabell,H1
robertrangel,Q7
fwolfe,A180
qleon,Foton
brandy95,M11
tiffany72,128
tony63,Tarraco
thompsonsteven,Carrera
hfox,A620
michaelwright,Karoq
eorozco,H6
anthony49,B150
nathanlang,Landwind
ewilliams,Leon
christopherortiz,X35
danielbowen,Cayenne
johnsonjoseph,Palio
thomasmiller,S3
silvadawn,Scenic
vrichardson,Arrizo 5
burtonalicia,A8
hunterjeffrey,Landwind
johnsonlucas,GranTurismo
gloriawest,Jazz
rgarrison,V7
bryantamanda,Rio
justin71,2106
perezelizabeth,Shuma
davisgwendolyn,Mokka
sawyerelizabeth,Tucson
kellyvaughn,Veloster
vwilson,418
vsanders,407
justinestrada,S560
alexander47,Durango
brianmeyer,Cordoba
owoods,500
samuel65,Sandero Stepway
riggsdavid,Corolla
lindastanley,Velar
felicia15,S-Presso
maria13,Spark
hughesmichael,Ghibli
paulrichardson,Rav 4
travisregina,Bluebird
kelly27,Rav 4
thomascolleen,C4 Picasso
griffinjessica,X5
lee83,Ram
hscott,Panamera
amorton,Discovery
crystal70,Pickup/Dababa
snyderwilliam,2106
brobertson,Sportage
cassandra24,Bluebird
ellisjose,Xceed
matthewhardin,Okavango
wphillips,C3 Picasso
tabithajackson,T55
matthewsosa,S-Presso
nbridges,Pickup
darren17,M11
joseph91,640
troy45,Armada
sherry21,Grand I10
tbryant,A200
katherine49,Tiba
stephen64,Cooper Roadster
iestrada,X1
millerdennis,Mustang
christopher20,523
qkennedy,Gen-2
fuentesanthony,Vectra
kyleescobar,C4 Picasso
kevinaguirre,QQ
mercadojessica,Lanos
aramsey,G-Class
richpaul,B200
lauren35,Grand I10
melissa54,Okavango
whiteleah,Captur
robert16,Q7
younglaura,Caddy
katherine49,Sonic
jason81,Xceed
shelley61,Sentra
lindastanley,Pandido
john10,Windstar
carneyabigail,Materia
chadsnyder,X70
williamslisa,Juke
brenda72,630
amy45,Sierra
tategary,V5
justinestrada,Boxster
robert52,X1
casey18,E63
michael74,Juliet
gnash,D-Max
carrie31,Trailblazer
owilliams,2110
crystal70,Camaro
langjessica,2008
deborahacosta,Tucson
teresa93,340
josephwise,Sandero Stepway
portermichael,C240
darlenevaughn,Van
bauerandrea,QQ
mercadojessica,Flying Spur
carrie31,Super Panda
jesseschultz,N200
april39,Glory 330
rmorgan,Materia
gloria31,Zaz
aortiz,S350
millerdennis,2008
heatherbonilla,Commander
patelkimberly,S500
kimberlytorres,Soul
brandon43,Caddy
wweiss,Santamo
evelyn79,XV
currynathan,Golf
asmith,2110
stephenmorrison,Pickup/Dababa
rjohnson,530
gardnerbrittany,Pickup/Dababa
gbaker,Impreza
odyer,Tiida
aaronharris,Swift
gloria28,D-Max
fsmith,Grand Cherokee
alicia69,523
tpace,C4 Picasso
justin46,Stelvio
makaylajohnson,L3
owilliams,Vitara
brianalawson,QQ
terry43,Scenic
russellscott,520
ianpatton,Fluence
richpaul,JS4
froberts,Rapid
dawn83,JS4
ian25,Prado
randygarcia,Q5
kristen32,C-Elysée
vrichardson,Pegas
david85,528
arthurrose,6
vaughanashley,GLS
carlos77,630
hailey50,Bravo
megan83,Xpander
welchanthony,Octavia
delgadotimothy,Town and Country
idavidson,A6
mercadojessica,XE
ncole,X3
fordmatthew,Tarraco
jeffrey86,Picanto
fdiaz,Cooper
vfletcher,Octavia
joshuamarshall,Stelvio
erikstanley,F0
linda10,Evoque
webbtroy,X3
valdezjennifer,308 SW
gregoryjoseph,Q3
donnatodd,V5
msutton,330
jgarcia,Optra
zacharywilkins,Zaz
warrenjennifer,Fortuner
meaton,XF
brobertson,Mokka
angelamccarthy,Tivoli
lwilliams,Cordoba
jamesholland,I10
harrellcurtis,Ceed
arnolddaniel,208
rayedgar,330
joshuawilson,525
cliffordlopez,Countryman
rjohnston,Z4
richmondcarrie,Bluebird
perkinsoscar,J7
wphillips,Sierra
ogonzalez,Range Rover Vogue
michael80,A516
alicia69,N300
dvance,JS3
courtney55,E280
jennifer87,2107
paulvazquez,V5
qanderson,Juliet
robin95,Karoq
tmitchell,Dart
thomasmiller,Super Panda
vrichardson,Model X
samantha97,Nubira
megan83,Fusion
sarahbrewer,A11
hscott,Lanos
langjessica,S-Presso
grivera,RX5
whiteleah,A4
savannahthomas,S2
deborahacosta,C4
zhenderson,X3
jamie18,Aveo
webbbianca,508
randyjones,Sebring
gina78,Shahin
doris67,418
erik88,Kodiaq
cynthiamerritt,118
cglenn,530
joseph08,Cruze
tylerbryan,Carens
kevinaguirre,Corolla
hscott,Echo
michaelparrish,Landwind
travisregina,Boxster
jbrown,Arona
brettrhodes,Santa Fe
john10,Bluebird
julie38,Model Y
keithhall,C300
mfleming,Countryman S
vdrake,Hilux
clarkkaren,X6
webbbianca,218
rhickman,Hilux
jacksondaniel,301
grahamtammy,Cooper
woodluke,21
churchmelissa,Symbol
johnnygomez,GT-R
hudsonsusan,328
kathrynharrison,Santamo
markfarmer,Alsvin
lclark,750
diane26,Outlander
jessicastark,Aveo
tarastewart,C250
jhernandez,Verna
robin35,IX35
michelle95,CLA 180
scott36,Countryman
fordmatthew,S-Presso
robin95,E240
erikstanley,6
jgarza,Windstar
laurenramirez,E220
qrichards,Dzire
pollardhannah,Tarraco
qanderson,Rio
ulevine,C200
pam80,Tivoli XLV
meganwilliams,Passat
fedwards,C300
wphillips,V5
doris67,GL-Class
yacevedo,508
aortiz,Rush
taylortina,Compass
victorrhodes,Grand Punto
jrice,500
bethany25,Malibu
langjessica,128
brianna11,A1
wrightpeter,207
steeledenise,207
ldominguez,X5
umccann,Solaris
patrickkelly,A11
victorrhodes,Grand Terios
simmonsadrienne,A1
angela22,Accent
fbarnes,Ka
kristina66,Scenic
sullivandonald,Sentra
gordonmary,Avante
pattonandrea,Meriva
idavidson,A8
bailey91,T55
kimberlybrewer,Grand Cherokee
xsexton,Range Rover
hawkinsjoseph,Cooper
clarkkaren,Lacetti
emilymclaughlin,B200
russellscott,Soul
sabrinathompson,Kancil
hannah94,520
rollinsmelinda,Rio
aking,Macan
qkennedy,X-Trail
cglenn,C180
toddromero,T55
tjohnson,Glory 330
patrick79,Kuga
gjimenez,Linea
jennifer02,Rav 4
gloria31,Caddy
jonesrachel,Shuma
bradymichael,Shuma
kstewart,2106
sdiaz,A516
lopezmatthew,CLS
maynardkristen,CL-Class
festrada,C3 Picasso
ehill,Corvette
heather98,5008
wrightpeter,Town and Country
ngonzalez,GL-Class
whitejorge,Ram
victor89,A1
frank51,Ateca
leahclark,Envy
franklinnathan,Eclipse
samueldavis,850
millerdennis,Q
daniellepetersen,S400
ericevans,Roomster
ubauer,A180
lori50,Astra
pagesamantha,Glory 330
jeffrey27,Mokka
jillanderson,Kancil
turnermark,Bayon
ritaward,Q5
ybradley,Vectra
tabithajackson,2008
zacharydavila,Glory 330
robert79,C240
uroach,Q
petersdavid,DS5
richmondcarrie,Soul
samantha79,A620
coreyrogers,Qashqai
garrettbrian,Charger
gjimenez,Corvette
tmitchell,Symbol
riveragarrett,Scenic
jillanderson,Yukon
hailey50,Velar
cheryljohnson,Arrizo 5
tarastewart,Zaz
ashleyjason,Tivoli
gmcintyre,MG 5
catherinelee,C280
diane26,Clio
sandra48,X3
pearsonwilliam,301
rbridges,Kuga
rodriguezeric,Pegas
diane26,Terios
pamelaanderson,N300
laurenmiller,Ateca
hannah94,Sorento
gardnerbrittany,Ibiza
paula08,3
rstrong,911
tcastillo,3
heatherrobinson,Terios
thomastaylor,Elantra
ccooper,Optra
vkrause,F-type
mary35,Accent
mharmon,TT
robert38,X30
holmesdavid,FRV
garrisonjonathan,Sportage
pamelaanderson,Verna
vfrazier,H530
bakerangelica,Juliet
jerry81,5008
heather02,607
hendersonmatthew,Echo
chadsnyder,Jazz
phillipsandoval,Doblo
davidalvarez,Outlander
casey18,Tiggo
kreed,A113
gabriellepierce,Q3
jcallahan,Velar
markfarmer,525
kathrynharrison,Sandero
emilymclaughlin,ZS
angelamccarthy,607
krich,Grand Cherokee
brianna11,Ka
rebeccamccarthy,523
chelseykim,City
nicole27,Lanos
meyerrobert,Ibiza
danielleaustin,Rapid
hodgemary,A8
xhansen,V7
garciathomas,Juke
wagnermichael,Swift
josephwalton,H530
hinesheather,Sephia
samantha79,Q5
robin60,Kadjar
hlawrence,L3
shannongriffin,Waja
owoods,CR-V
heatherbonilla,Benni mini
teresa93,Pickup
russellrichardson,GLK 300
wblack,H1
walkerdavid,525
kemperic,Tipo
swansonrobert,Rush
tylerpeterson,I20
brandy95,Pandido
umoore,EADO
hartjustin,Jinbei
samantha08,QQ
stevenchang,C250
gyoung,XC60
thomascolleen,Windstar
ljohnson,Alsvin
swansonrobert,Tarraco
julianmorgan,Sandero Stepway
clarkkaren,F3
carolbarker,Passat
kathleen57,Granta
tategary,XV
esellers,X95
daniellehendrix,Compass
aaronharris,Q5
marydavis,EADO
marydavis,Petra
david88,H530
robertnelson,630
michelle38,G-Class
jwoods,Ciaz
munozcheryl,Tiba
grace57,Carnival
hannahphillips,335
kenneth93,GLK 300
jimmy49,Giulia
jeanettemiller,FRV
samantha08,Santa Fe
matthewsosa,Tiida
laurennelson,Xceed
wphillips,Soul
morrischristopher,E180
tjohnson,Camry
rhickman,Glory 330
kimberlybrewer,X5
qvincent,Rio
reedlarry,X95
ianpatton,Swift
teresa93,Rush
evelyn79,GLC 300
samueldavis,A516
maria13,Matrix
millerkathryn,Rav 4
simmonsadrienne,GLC 200
danielleaustin,530
holtelizabeth,Camaro
vrichardson,B150
delgadotimothy,CLA 180
lisa84,Pegas
maria13,Tucson
pagesamantha,Jinbei
usmith,208
jennifergardner,Cordoba
amorton,Kadjar
leahclark,Flying Spur
williamslisa,Crossland
diane26,E200
tony63,Cooper Roadster
stevenvazquez,Lancer
lwilliams,Land Cruiser
robin17,Xsara
pamelaanderson,2110
jrice,City
marydavis,C5
courtney36,Shahin
portermichael,Kodiaq
xlambert,X4
catherinelee,Bentayga
lpalmer,E63
steven56,407
kerrygonzalez,Challenger
doughertyernest,A4
srobertson,Spark
daniellepetersen,Petra
robert79,Tiguan
justin46,Captiva
jameschristian,Xpander
desireejohnson,3
brian72,Jolion
tammytaylor,GLK 300
larry57,CC
reyeselizabeth,TT
erikstanley,Q5
juan47,407
doughertyernest,Flying Spur
faith25,Pajero
michaelparrish,A8
linda10,Gen-2
diane26,Bentayga
dawsonkathleen,Kamiq
jennifer87,Explosion
tbryant,C250
xlambert,Pajero
steven56,Galena
marydavis,Q5
faith22,S560
steven54,Tiba
gonzalezalex,Grand Punto
jenniferfrank,Aveo
ebrowning,335
flowersamanda,Juke
michelle38,Yukon
patrick76,Jumpy
ngraham,A3
chadsnyder,GT-R
kristen32,Mustang
amy45,Astra
williamsdenise,Panamera
levyvictoria,Veloster
brandypratt,Matrix
parkerdeanna,SX4
laurenmiller,607
john47,Scala
briancobb,525
amyshea,S3
mfleming,A180
michaelrose,Cerato Coupe
joshuamarshall,Convertible
thomasholmes,C200
meaganfoster,X30
crystal70,Megane
tarastewart,C-Elysée
opatel,Windstar
meganwilliams,Camaro
williamsmanuel,Materia
steven89,Dzire
andrea39,C280
dvance,C250
robin60,406
allisoncochran,Ateca
lauren61,Veloster
heather02,328
daysonia,Jolion
nbutler,Swift
donna90,Dzire
tylerpeterson,6
millerkathryn,Defender
andrea11,Superb
julie99,Defender
jamesgriffin,Maruti
grahamtammy,CL-Class
nsmith,X35
angelacastaneda,406
xlowery,HS
xbarnes,ZS
parkerdeanna,I20
joshuamarshall,Spark
currynathan,S560
jwoods,A200
cglenn,Cayenne
chasemichael,Model 3
hfox,Getz
derrick87,Sandero
sjohnson,Sandero
