username,car_brand
joel34,Citroen
hfox,Jeep
smithveronica,DFSK
thomascolleen,Kia
robert38,Infiniti
lynnlauren,Tesla
michaelwalls,Porsche
perezkerry,Zotye
john78,Dodge
burtonalicia,Honda
kenneth93,Mitsubishi
xbryant,Chery
tjohnson,Mazda
pedro86,King Long
meredithwatson,Tesla
snyderwilliam,Maserati
welchanthony,Changhe
georgeterrance,Opel
corey38,BMW
lclark,Rolls Royce
sdiaz,Jac
julianmorgan,Mitsubishi
lhaynes,Isuzu
paul64,Cadillac
peterstimothy,Renault
arichardson,Aston Martin
hooperlucas,Baic
pwyatt,Tesla
michelle38,MG
harmoneric,Changan
emilywalker,Citroen
brookegonzalez,Bentley
cliffordlopez,Chery
andrecastro,Lifan
steeledenise,Haval
christopher20,Daewoo
ngraham,Baic
aking,Senova
hwall,Jeep
jeffreyyoung,Geely
richmondcarrie,Jaguar
mfleming,Bentley
ljohnson,MG
gloriawest,Baic
asanchez,Saipa
taylortina,Bestune
deborahacosta,Nissan
tammytaylor,Kia
gregory19,Jetour
marydavis,Proton
goodmanchristopher,Isuzu
gailwalters,Haval
amysnow,Rolls Royce
wwoods,Brilliance
nsmith,Baic
cynthiamerritt,Maserati
tammytaylor,Zotye
kevinsmith,Ford
carrie31,Isuzu
langjessica,Chevrolet
reesejulie,Jaguar
rking,Citroen
perezbrenda,Opel
larry50,Rolls Royce
arthurrose,Chery
kristen32,Kia
steven89,Faw
tadams,Mazda
larry57,Speranza
gonzalezalex,Cadillac
wagnermichael,Lamborghini
stephenmorrison,Chrysler
jason28,Proton
froberts,Land Rover
williamsmanuel,Daewoo
orozcorobert,Renault
umccann,Lamborghini
shelley61,Faw
brooksraymond,Changhe
jamie18,King Long
karen96,Maserati
kathrynharrison,Faw
vmyers,Dodge
amyponce,Volvo
uray,GMC
steve38,Nissan
chrisgonzalez,Jeep
melissalamb,Porsche
zhickman,Bestune
danielbowen,Cadillac
annahess,Honda
tony02,Chevrolet
bthomas,Citroen
jaredwoods,Other make
john47,Chevrolet
krystal90,Aston Martin
emilymclaughlin,Daihatsu
jeffreygonzales,Alfa Romeo
whitedaniel,Speranza
nathananderson,Rolls Royce
ebonysanchez,Dodge
shernandez,Honda
courtney55,Mitsubishi
jerryconley,Fiat
bakerteresa,Lifan
john61,Citroen
cheryl46,GMC
cheryl46,Porsche
reyeselizabeth,Mazda
younglaura,Land Rover
fisherjoshua,Faw
mary35,Saipa
jgarcia,DFSK
jacobsonjared,Bentley
lhaynes,Renault
pam80,Chery
cannonamy,Bentley
tony63,Daewoo
garnermichele,Peugeot
gloriawest,Chery
cynthiajones,Audi
jodywhite,Ford
jamesgriffin,Zotye
warnerdiana,Audi
april44,Bestune
pollardhannah,Brilliance
samantha97,Jetour
paul64,Honda
jonesjonathan,BYD
gregoryjoseph,Chrysler
rodriguezmichael,Daewoo
samantha17,BMW
karimurphy,Bentley
rodriguezjenna,Alfa Romeo
cassandra14,Mitsubishi
john78,Chevrolet
cookeandrew,Audi
joseph08,Lamborghini
joseph91,Jac
adam08,Daihatsu
rodgersbenjamin,DFSK
hughesmichael,MG
jessicastark,Rolls Royce
codyscott,Lada
julianmorgan,BYD
daniellehendrix,Senova
thomaswashington,Seat
laura71,Saipa
brettrhodes,Alfa Romeo
marissa38,Seat
zmooney,Infiniti
fwolfe,Zotye
matthewhardin,BYD
coreyrogers,Kia
nathananderson,Geely
sarah87,Alfa Romeo
jacksondaniel,Toyota
paula08,Geely
lambertallison,Zotye
oellis,Volkswagen
goldenbrenda,Fiat
ibowen,Citroen
evansrobyn,Subaru
jenniferdickson,Lada
garrisonjonathan,Renault
kknight,Infiniti
elizabethvega,Cadillac
gonzalezalex,Kia
gloria31,Haval
tortiz,Aston Martin
lbrooks,Chery
juliahenry,GMC
farleyjames,Infiniti
lopezmatthew,Proton
carrie31,Chery
johnstonbrent,Jaguar
hodgemary,Bentley
pam80,Honda
michaelclark,Dodge
williamsjames,Zotye
brooksjames,Rolls Royce
suzanne59,Lamborghini
charlessharp,Chrysler
pwoodward,Skoda
kimberlydavis,Volkswagen
bgarner,MINI
myersbrianna,Jac
jamesholland,Renault
alicia69,Nissan
garrettbrian,Lamborghini
wweiss,Volkswagen
fitzgeraldjeffrey,Zotye
sherry21,Peugeot
hlawrence,Seat
jacobsonallen,Bentley
david88,Haval
krista86,Nissan
robert79,Ssang Yong
tbryant,Jac
jeffrey27,Lamborghini
april44,GMC
powelljennifer,Jeep
hjames,Mercedes-Benz
myersbrianna,Citroen
keithhall,Speranza
pamelabrown,Peugeot
desireejohnson,Infiniti
cpacheco,BMW
ericevans,Porsche
kevinsmith,Peugeot
lee83,Baic
xhansen,Tesla
marydavis,Chrysler
jhernandez,GMC
ncarroll,Volvo
qwoods,Audi
tortiz,Mitsubishi
raymond18,Daihatsu
thomastaylor,Daewoo
johnnygomez,Alfa Romeo
jeffrey27,Aston Martin
tjohnson,Suzuki
jonesalejandro,Fiat
bradley28,Speranza
macdonaldsierra,Lada
moralesjoanna,Maserati
ngraham,Brilliance
rmorgan,Renault
stewartchristy,Senova
riveraeduardo,GMC
imartin,MG
kelly27,Peugeot
corey38,Audi
yatesaustin,Mitsubishi
jeffrey27,Opel
amybell,Skoda
beasleyjeffrey,Volkswagen
tylerpowell,Daewoo
farleyjames,BMW
bryantamanda,Chrysler
markfarmer,Mercedes-Benz
natasha05,Zotye
theresa41,DFSK
davisgwendolyn,Aston Martin
zhickman,BMW
jacobsonallen,DFSK
rstrong,Mitsubishi
darlenevaughn,Faw
ibowen,Daihatsu
whitedaniel,DFSK
jason64,Tesla
melissa47,Dodge
richardjimenez,Honda
dennismegan,Fiat
wphillips,Rolls Royce
faith25,Cadillac
brandypratt,King Long
brooksraymond,Chery
stephen64,Renault
ross05,Audi
qkennedy,Hyundai
daniellepetersen,Senova
festrada,Chery
robert61,Geely
rollinsmelinda,Ssang Yong
travisjohnson,Lada
frank16,Aston Martin
jennifer54,Nissan
ptaylor,Kia
isexton,Porsche
erik88,Alfa Romeo
christopherruiz,Geely
jeffrey09,Mercedes-Benz
festrada,Renault
davisgwendolyn,Geely
youngangela,BYD
carrie31,Maserati
paulvazquez,Changan
msutton,Audi
gjimenez,Other make
deborahlane,Faw
carlos77,Subaru
justin71,Opel
heather48,Cadillac
sdiaz,Mercedes-Benz
zmooney,Skoda
lewisscott,Other make
wfrank,Subaru
joel34,Ssang Yong
keithhall,Chrysler
hmyers,Mazda
reyesdavid,Isuzu
blopez,Volvo
asmith,Chevrolet
cruzmark,Mazda
thomascolleen,Faw
leonard08,Daihatsu
amy45,Rolls Royce
tyler00,Honda
toddromero,Maserati
eduardo38,Bentley
caitlynspears,Porsche
julie99,Faw
tylerpeterson,Skoda
victorrhodes,Suzuki
aaronharris,BYD
gordonmary,Geely
williamsdenise,MG
vrichardson,Changhe
travisregina,King Long
vwilson,Zotye
levyvictoria,Hyundai
darren17,Chevrolet
huynhbrian,Jaguar
julie67,Volkswagen
harmoneric,Lada
qkennedy,Opel
woodluke,Daewoo
cynthiajones,Chevrolet
dale97,Subaru
andre53,Audi
thomaswashington,Infiniti
freemanmelissa,Land Rover
adam08,Lada
brownmary,DFSK
lewisscott,Aston Martin
jennifergardner,Land Rover
martinthomas,Daewoo
hmyers,Geely
sherry21,Saipa
nealmonique,King Long
lynnlauren,Mazda
joann63,Chery
caitlynspears,Zotye
grogers,Skoda
georgeterrance,Lifan
matthewsosa,Renault
tategary,Changan
steven56,Audi
goodmandanny,Isuzu
michaelallen,Suzuki
julie99,Hyundai
xbarnes,Ford
steven56,Honda
coreyrogers,Jetour
lopezmatthew,Haval
warren92,Jaguar
ypark,Land Rover
valdezjennifer,DFSK
farmerbryan,Subaru
jeffreycallahan,Toyota
flowersamanda,Honda
russellrichardson,Dodge
lprice,Chevrolet
krystal90,Ford
ballardjoseph,Lifan
travisregina,Seat
rivasjonathan,Alfa Romeo
hailey50,Alfa Romeo
stephen64,Seat
joseph88,Faw
freemanmelissa,Jetour
briancobb,Saipa
carriehoover,Jetour
caitlynspears,Opel
megan83,Nissan
pearsonwilliam,MINI
langjessica,Fiat
michelle76,Haval
melissa81,Mazda
vdrake,Chevrolet
tylerbryan,Maserati
randallgarza,Changan
yolanda39,Daihatsu
bradley28,Changan
sarah87,MINI
jamesholland,Land Rover
ericevans,Geely
sawyerelizabeth,Jaguar
daydeborah,Seat
imartinez,Porsche
richard97,Dodge
rhunter,Chrysler
churchmelissa,Mitsubishi
vfrazier,Changhe
meganwilliams,Mercedes-Benz
jamesholland,Chevrolet
donna90,Alfa Romeo
meaganfoster,Mitsubishi
julie38,Daihatsu
vpierce,Subaru
heather95,GMC
terry43,MG
delgadotimothy,Bestune
warren92,Lada
vpierce,Daewoo
pacejenny,Volkswagen
flowersamanda,MINI
laura71,Mercedes-Benz
welchanthony,Mitsubishi
ccook,Suzuki
stephensutton,Chevrolet
williamsmanuel,Lada
kstewart,Chrysler
sawyerelizabeth,GMC
hhill,Geely
grivera,Jeep
powelljennifer,Ssang Yong
heatherbonilla,Subaru
deborahlane,Volvo
watkinsbrianna,Honda
ngraham,Dodge
ellisvictor,MG
xbright,Chevrolet
hailey50,Jetour
nbridges,Chevrolet
duncankara,Lifan
lisabest,Ssang Yong
heather48,BYD
williamslisa,Lamborghini
josephavila,Peugeot
danielleaustin,Bentley
jamesmaria,Saipa
thompsonmark,Mercedes-Benz
dennismegan,BYD
jeff31,Skoda
donna30,Jaguar
robert16,Saipa
carneyabigail,Lifan
uhardy,Zotye
curtis37,Daewoo
samueldavis,Chery
evelyn79,Subaru
gyoung,Peugeot
umccann,Renault
laurenmiller,Ford
danielwells,Ford
elizabeth13,Opel
elizabeth13,MINI
goodmanchristopher,Geely
keith63,King Long
hmyers,Bentley
thomastaylor,Lada
melissa81,Seat
lutzmelissa,Peugeot
freemanmelissa,Suzuki
griffinjessica,Zotye
owoods,Lifan
mcgeewendy,Volvo
steven00,Changhe
bakerangelica,Chrysler
michaelclark,Hyundai
mossjohn,Hyundai
parkerdeanna,MG
mikecoffey,Dodge
underwoodemily,Tesla
regina17,Mitsubishi
veronicagreen,Opel
jeanettemiller,Skoda
robert52,Ssang Yong
vwilson,Jeep
amysnow,Chery
zhenderson,Citroen
arthur68,Opel
nbridges,Porsche
martharivera,Ford
jacobsonjared,Maserati
rayedgar,Jaguar
merrittrebecca,MG
qmiller,Chery
deborahbrown,Jaguar
owilliams,Ssang Yong
coreyjohnson,Isuzu
kerrygonzalez,Chrysler
owoods,Lada
sherry21,Kia
vtaylor,Senova
faith22,Lamborghini
samantha17,Peugeot
meganwilliams,Jeep
josephwise,Lifan
xburns,Tesla
angelamccarthy,Dodge
robertrangel,Fiat
ibowen,Geely
jwoods,Subaru
keithhall,Mitsubishi
jamesholland,Chery
steven54,Proton
steve38,Seat
richard97,Zotye
tpace,Cadillac
angelacastaneda,Senova
richard97,GMC
rachelmurray,Toyota
zknight,BYD
jamie18,MG
danielwells,Infiniti
mweeks,Fiat
karimurphy,Tesla
daydeborah,Chevrolet
yatesaustin,Saipa
arthur68,Tesla
wfrank,Faw
thomasmiller,Maserati
qmiller,Chevrolet
deborahacosta,BMW
keithhall,Citroen
joann63,Jac
woodluke,Speranza
qvincent,Zotye
asanchez,Proton
marydavis,Jeep
samantha97,Lifan
davisgwendolyn,Chery
bradymichael,Baic
martharivera,Toyota
delgadotimothy,Ssang Yong
festrada,Brilliance
michelle38,Haval
oellis,Volvo
xfreeman,Renault
ellisjose,Infiniti
brenda72,Rolls Royce
roy83,Toyota
elizabeth42,DFSK
jason81,Fiat
brandicummings,Citroen
catherinebaker,Brilliance
adamzamora,Renault
sandra48,Jaguar
espinozakevin,Peugeot
mariosanchez,Porsche
ajones,Toyota
donna30,BMW
vwilson,GMC
oellis,Maserati
josephwalton,King Long
jillanderson,Ssang Yong
ehill,Lamborghini
stewartjames,Other make
hroberts,Mercedes-Benz
ewilliams,Saipa
shannongriffin,Cadillac
ewilliams,Daihatsu
sarawade,Jeep
taylormichael,Alfa Romeo
gateswilliam,Cadillac
briancobb,Infiniti
ccooper,Toyota
pamelaanderson,Ssang Yong
ptaylor,BMW
andrewsmith,BYD
singhmichael,Porsche
steven54,Chery
xwhite,Daihatsu
ngraham,Maserati
steeledenise,Suzuki
underwoodemily,Mitsubishi
shernandez,Subaru
rodriguezmichael,Aston Martin
theresa41,Cadillac
jimmywalker,Hyundai
robert79,Lamborghini
codymendez,BYD
webbtroy,Opel
john78,Chrysler
julianmorgan,Daihatsu
pamelabrown,Subaru
goodmanchristopher,Speranza
joann63,Geely
jbrown,Jac
cruzmark,Jac
kemperic,Ford
sabrinathompson,Opel
garciajason,Senova
jillanderson,MG
alexissanchez,Bestune
perezbrenda,Renault
joshua36,BYD
monica91,Lifan
samantha08,Suzuki
elizabeth13,Chevrolet
xjones,BYD
jsmith,Chrysler
dawsonkathleen,Opel
tgrimes,Toyota
gregoryvictor,Bentley
david23,MINI
perezbrenda,Isuzu
teresa93,Rolls Royce
matthew98,Lifan
danielle42,Skoda
sabrinathompson,Ssang Yong
kathrynharrison,Renault
fdavis,MINI
davidalvarez,Cadillac
kathryn24,Volvo
welchanthony,Speranza
gnash,Senova
regina17,Bestune
danielleaustin,Lamborghini
qanderson,Zotye
kevin21,Baic
stewartjames,Chrysler
holtelizabeth,Seat
torrescandice,Jeep
kerrygonzalez,Audi
parkerdeanna,Mazda
samantha97,Fiat
ybradley,GMC
adamlove,Maserati
jimmyanderson,Bentley
carlos77,Audi
lauren61,Bentley
jennifer87,Brilliance
jillanderson,Honda
ilopez,Lada
xbarnes,Tesla
dunlaprickey,Citroen
hjames,Opel
courtney55,Jac
robin60,Ford
perezbrenda,Maserati
robin60,Bentley
dunlaprickey,Infiniti
orozcorobert,Jeep
ericevans,Jetour
adam08,Brilliance
ellisvictor,Volvo
antonio07,Isuzu
shannongrant,Lada
pagesamantha,Daihatsu
robert61,Daihatsu
patrickkelly,Lada
nathananderson,Mazda
melissalamb,BYD
jeffrey27,Volvo
heather95,Volkswagen
elizabethvega,Seat
justin71,Jeep
christopherblack,Volvo
pamelabrown,Volkswagen
mharmon,BYD
tfischer,Rolls Royce
barbertina,Mazda
michael65,Land Rover
silvadawn,Subaru
bauerandrea,Jetour
lbrooks,Lamborghini
rstrong,Proton
samueldavis,Honda
scalhoun,Jetour
yacevedo,Mazda
sarawade,Zotye
joseph91,Cadillac
cassandra24,MINI
lewisscott,Honda
kstewart,Haval
justin64,MINI
jillanderson,Jac
manuelcooper,Isuzu
vfletcher,Changan
kdavenport,Chevrolet
juan47,MINI
xlambert,Toyota
jenniferdickson,Zotye
steve38,Cadillac
james01,Dodge
john78,Faw
joseph28,Chrysler
bradymichael,Jac
odyer,MINI
robert79,Baic
deborahbrown,Baic
romeromichael,Other make
brianalawson,Honda
chasemichael,Land Rover
davisgwendolyn,Jetour
mitchell67,Daihatsu
corey38,Lada
caitlynspears,BYD
maureen18,Toyota
angela72,Chevrolet
matthewgolden,Jac
rking,MG
kristenmarquez,Geely
michelle76,Volvo
mikecoffey,GMC
frank16,Maserati
david88,Ssang Yong
robertrangel,Mazda
phillipsandoval,Chery
rodriguezmichael,Senova
nicole27,BMW
alexander47,Audi
cliffordlopez,Chevrolet
danny00,Jaguar
escobaralan,Kia
michaelwright,Hyundai
arnolddaniel,Zotye
cliffordlopez,Chrysler
fdavis,Lamborghini
gordonmary,Ssang Yong
gregoryvictor,BMW
brooksvictor,Citroen
cynthiamerritt,Haval
garciajoshua,BYD
mikecoffey,Other make
brian46,Ford
bthomas,Infiniti
hudsongail,Land Rover
mweeks,Citroen
charlesmyers,Mazda
joseph92,Aston Martin
lisa61,Aston Martin
joel34,GMC
festrada,Mitsubishi
burgessjennifer,Renault
victoria67,Isuzu
ygutierrez,Nissan
vwilson,DFSK
iramos,Ford
steeledenise,Zotye
robertosmith,Land Rover
bailey91,Seat
hfox,Peugeot
russellrichardson,Toyota
riveraeduardo,Lamborghini
jcallahan,Baic
brianalawson,MINI
tiffany72,Lada
jonesrachel,Porsche
qmendez,Lifan
natasha05,Dodge
nathanlang,Proton
thomaswashington,Toyota
samantha79,King Long
joanne10,Mitsubishi
codyscott,DFSK
stephenmorrison,Chevrolet
elizabethvega,Honda
nbutler,Isuzu
krista86,Renault
munozcheryl,Maserati
johnstonbrent,Proton
brooksjames,King Long
powelljennifer,Rolls Royce
hooperlucas,Changhe
micheal50,Daihatsu
lawsonkevin,Infiniti
andre53,Jac
jacquelinebarrera,Maserati
erikstanley,Mazda
garciatroy,Isuzu
cheryl46,Audi
emcknight,MG
wwoods,Bentley
tony63,Land Rover
dwells,Renault
johnsonhenry,Citroen
qmiller,Ssang Yong
steven00,Dodge
jennifer09,MINI
cbenton,Ssang Yong
rodgersbenjamin,Suzuki
ritaward,Jac
odyer,Changhe
bethany25,BMW
gregoryjoseph,Speranza
linda10,Skoda
phillipsandoval,Volkswagen
kevinsmith,Alfa Romeo
asmith,King Long
zjackson,GMC
steven89,King Long
tracy13,Chrysler
vtaylor,Ssang Yong
nicole27,Faw
craig72,BMW
allenjessica,Chevrolet
patrick79,Lifan
hhill,MG
normahuerta,Ford
kramerjennifer,Mitsubishi
lutzmelissa,Chrysler
garrisonjonathan,Volkswagen
brownmary,Nissan
hurstmelissa,Kia
stevenchang,Jaguar
danielle58,DFSK
thomas48,Volkswagen
faith22,Maserati
jessicastark,Porsche
amysnow,Senova
johnsonhenry,Brilliance
gjimenez,Lamborghini
sjohnson,Isuzu
jason81,Jaguar
xhansen,Skoda
sabrinathompson,Changan
yolanda39,Jac
jasonwood,Mitsubishi
spoole,Bentley
ewalker,Cadillac
grace57,Subaru
wrightpeter,Lifan
emma71,Mazda
aaronharris,MINI
goldenbrenda,Faw
meganwilliams,Mitsubishi
woodardsharon,Chevrolet
zkelly,Rolls Royce
cynthiamerritt,Lada
hinesheather,Isuzu
jimmyanderson,Toyota
erik88,Honda
matthewhardin,Isuzu
daniel06,Toyota
frank16,Chevrolet
hhill,Aston Martin
kathrynharrison,Nissan
zking,King Long
grayanthony,BMW
reedbrooke,Other make
gloriawest,Land Rover
keith63,Geely
mark77,Suzuki
perezelizabeth,Opel
melissa47,Daewoo
cwhite,Volvo
jenniferstark,Cadillac
davismatthew,Bentley
tracy13,BYD
jesseschultz,Hyundai
robertrangel,Suzuki
cannonamy,Senova
tylerbryan,Lifan
shannongrant,Mazda
tony63,Baic
vstewart,Daihatsu
kenneth37,GMC
williamsalexandria,Jetour
ngraham,Other make
samantha16,Aston Martin
daniellepetersen,DFSK
vreeves,Mazda
sandra48,Tesla
vfrazier,Brilliance
lindastanley,Jaguar
alexissanchez,Opel
joann79,Mitsubishi
hfox,Jaguar
rmorgan,Infiniti
tbryant,Ssang Yong
ljones,Skoda
valdezjennifer,Mazda
ldominguez,Zotye
cwhite,Opel
iramos,Saipa
hilldaniel,Honda
zvargas,Baic
christopher20,Aston Martin
fbarnes,Lada
qkennedy,Changan
gardnerbrittany,Rolls Royce
julie67,Maserati
kdavenport,Mercedes-Benz
perkinsoscar,Lifan
moralesjoanna,MINI
gailwalters,Faw
webbbianca,Jaguar
arichardson,Jeep
victorrhodes,Chevrolet
heidiwilliams,Renault
brianalawson,Volkswagen
tylerpeterson,Seat
ebonysanchez,Peugeot
wilsonconnie,Changan
angela72,King Long
jdavenport,Peugeot
xbryant,Renault
joshuamarshall,MG
joseph42,Land Rover
andrecastro,Mazda
rflores,Jetour
warrenjennifer,BYD
natasha05,Tesla
arobinson,Renault
julianmorgan,Senova
shannongriffin,Seat
silvadawn,Senova
catherine53,Senova
alicia69,Ford
gregory19,Bestune
morrischristopher,BYD
ethompson,Toyota
garrettbrian,Ford
ibowen,Chrysler
iestrada,Chevrolet
shernandez,Bestune
veronicagreen,Chrysler
michaelwright,Porsche
brooksrobert,Seat
jonesalejandro,Changan
ocook,Bentley
xsexton,Proton
deborahacosta,Chrysler
annahess,Cadillac
wilsonconnie,Isuzu
rebekah52,Lamborghini
alicia91,Renault
jennifergardner,Volkswagen
xlambert,Cadillac
doris67,Isuzu
johnnygomez,Fiat
robert52,Mitsubishi
vaughanashley,Dodge
eduardo38,Aston Martin
martinthomas,Porsche
diane26,Bestune
josephwalton,Zotye
joshuawilson,Lamborghini
brianmeyer,Opel
zacharydavila,Volvo
hday,Jac
stephensutton,Jac
matthewgolden,Honda
portermichael,Fiat
kathleen57,DFSK
michael65,Volvo
smithjeremy,Mazda
rhickman,Ford
meredithwatson,Zotye
robertosmith,Proton
reedlarry,Volvo
jodywhite,Faw
qkennedy,Ssang Yong
arichardson,Saipa
alicia69,Lifan
pwoodward,Jeep
joann79,Hyundai
andrewsmith,Senova
jameschristian,Suzuki
hhill,Nissan
alecsmith,Seat
ajones,Faw
gnash,Renault
grayamanda,Subaru
walkerdavid,Isuzu
johnsonadrian,Chevrolet
andrewsmith,Aston Martin
ygutierrez,Porsche
powelljennifer,Proton
phelpstammy,Cadillac
michael48,MINI
aramsey,Mazda
harrellcurtis,Isuzu
desireejohnson,Haval
woodluke,Other make
stewartchristy,BMW
christopherortiz,Honda
shelley61,Fiat
nashbailey,Jaguar
randybarnes,Isuzu
robert61,Rolls Royce
goodmandanny,Toyota
younganita,Bentley
hernandezdiane,Faw
heatherbonilla,Proton
robin17,Jetour
cameronjohnson,Fiat
imartinez,Volkswagen
xharrington,Lamborghini
imartinez,Isuzu
hannah94,Maserati
mark77,Alfa Romeo
vfletcher,Speranza
reyesdavid,Porsche
robertwilliams,Peugeot
vsanders,Mazda
nicole27,Mitsubishi
vincentburton,Zotye
lewisscott,Saipa
juliahenry,Honda
cmiller,Chevrolet
michellesanchez,Hyundai
kirkwilliam,Daewoo
cjackson,Renault
xwhite,King Long
heatherbonilla,Maserati
griffinjessica,Toyota
zacharywilkins,Citroen
xjones,Toyota
faith22,Fiat
valdezjennifer,Audi
angelacastaneda,Kia
williamslisa,Changhe
jrice,Lifan
nathananderson,Other make
