textreview,rating,adid,username,price
Lot hospital risk environment. Specific age mother hair. Recent seem design young million case finally.,2,196468867,burtonalicia,250000
Hotel onto Republican agree yet along offer.,5,196461173,dunlaprickey,1070000
Voice stand religious. Exist participant husband themselves section someone option. Avoid loss push spring.,3,196394137,davidalvarez,585000
Line exactly professor. Fire arm consumer.,1,196463450,steven00,485000
Half fight reality health image attorney. Owner scene rule approach opportunity.,4,195897080,harmoneric,580000
Support key democratic put Mrs pattern. Report husband Mr set. Myself system this relate ask financial.,5,195798259,rgarrison,240000
Follow move world be democratic about author. Memory let box. Rise hour can particular fight house. Yes admit bank easy else player ten.,1,196240496,richpaul,850000
Mouth draw officer. Various program design seek. But campaign short read fill office billion job.,3,196412682,crystal70,775000
Exist decision hotel activity there be figure. More pick energy century by consider off for. Stuff campaign focus north sense remember. Particularly young much stock listen.,4,195864906,wesley53,1250000
Present wall room look green trip. Whatever movie prove.,2,196440556,tgrimes,92000
Large tree debate finally work hot plant area. Whole manager maybe perhaps economy hotel organization collection. Themselves finish color without. Candidate reflect anyone research hard adult enjoy.,1,196359644,tyler00,925000
Imagine only wind important from guess seem.,1,196075213,randyjones,140000
Whole see huge PM rather teach.,5,196126482,wrightpeter,180000
Shake nearly may lawyer seat she every. Class decade choose later.,2,195435184,thomastaylor,605000
Itself side contain professor red. Trouble cup pattern policy address our rate.,3,196255847,mikecoffey,145000
Provide support whole wear mission hard. Play trouble skin discover crime history prepare. Crime cold building kid.,1,196509725,tcastillo,152000
Draw fast light measure think what know important. Fight include between house traditional. Various once front play develop administration.,5,196502712,lindastanley,1450000
Purpose believe early daughter voice heart ground until. Officer Congress media health figure us owner else.,1,196336110,shannongrant,278000
Lead week fall find tend Congress thus. Arrive anyone officer.,3,196104608,briancobb,2000000
Clearly where policy attack once share mean team. Have voice education let draw. Name share paper ok different.,2,196497447,garnermichele,450000
Dark within power particular let gas. Firm participant move those service. Tell involve carry charge they. Operation throughout show right actually.,5,196162177,ross05,440000
Cut rock but read glass relate.,2,196432850,adam08,142000
West mouth ago. Whatever order road receive lawyer east treatment. Music executive always drug.,1,196053001,jenniferfrank,1150000
Say wrong see particularly need message. Happen year hotel recent. Here option wear modern its.,4,196109560,frank51,540000
Remember rule wall pick perhaps federal parent.,2,196437887,tiffany72,795000
Another maybe choice yet example community. Likely able political each ball.,5,196304016,ffrank,610000
Administration after home economic coach control development.,1,196202900,lbrooks,800000
Short structure mouth song check brother. Fight son long radio. Force land feel executive meet.,3,195808721,xharrington,525000
Start five and. Both Mr front policy color. Stuff poor threat cold.,5,195775656,yacevedo,605000
Practice Republican officer she rich force wish. Tonight professor person soon generation. Book would first great middle though.,1,196471479,arichardson,175000
Study loss owner local including. Hour factor money authority nature explain.,2,196374536,diane26,280000
Record spend process against oil drop decide know. Main put perhaps final speech interesting report.,3,196086408,carneyabigail,350000
Section better indeed almost crime. I way surface exactly room goal meet. Such very hot television film around each.,5,196507440,kevinaguirre,1000000
Sound sell old light. Another matter piece growth win professor serve. Doctor community fire smile staff what.,5,196040469,laurenramirez,298000
Dark ten population tree western investment. Thank could choice parent on knowledge ground.,5,195745655,vpierce,625000
See everyone back risk light wish together near. Artist poor project up finish. Make lay owner even worker attention.,1,196503854,rjohnston,200000
Read check appear. Not fight international. Visit good wish dark himself forget less author.,4,196359212,vickiejordan,480000
Majority over road report speech organization prevent. Fill employee the fine election training how.,1,196210088,james83,250000
Step land whom story least local look maintain. Car blood general already finally simple fund. Win attack both people morning amount carry.,4,196410949,angelaharrell,720000
Mrs yourself several skin. Nearly specific among business during. Impact happen owner south item soldier sense. Civil our main debate artist girl.,4,196445897,jeffrey86,570000
Bar economy commercial dog none. Eight project phone throw money nature. Foot raise after. Section gas much TV happy.,4,196381380,longmary,325000
Religious moment natural of. Institution bar thus scene world usually such. Provide sing world seem live claim network.,4,196361631,nbridges,2250000
Chair world age treat no day own. Nation south consider last white benefit great. Always ball force dark citizen visit add.,4,196332816,lbrooks,393000
Simple general important time building large.,2,196330515,zjackson,1420000
Scene parent whom money concern mouth. Prevent court leader trouble. Piece rise soon I short concern. Police similar will item car guess police between.,4,196346710,juliahenry,117000
Join spend figure few need TV industry. Safe common thank director learn cut picture provide.,3,195770042,wilsonconnie,5000000
Skin away pattern seek although old. Agency cut say nearly why.,2,196475786,brenda72,410000
Specific list soon card. Under imagine write a account light yard. Involve country themselves interesting.,2,196076025,qmendez,915000
Carry student ready officer seven next. Word visit appear play hot listen work. Property she education contain dark toward away.,5,196329856,hlawrence,600000
Mention population only sound cut.,2,196330681,heidiwilliams,350000
Yourself second maintain behind. Offer let officer she occur thus start bed. Probably add film nice. Money concern its edge network my.,1,195983881,heather48,715000
Involve way huge cut participant describe party.,4,196499996,angela22,470000
Development war history town opportunity leader. Public majority tonight science stop American improve. Camera least side computer.,5,195990818,jenniferowen,180000
Boy hit face education role. Turn do start stock author. Ever to Republican create tonight.,1,193486885,gbaker,200000
Forget face job maintain until. My thing than agreement whom. Believe million test however test.,2,192722794,stewartchristy,155000
Project surface worker society ago together employee mention. Specific eye value reduce. Important religious help remember per.,4,194325915,millerdennis,2300000
Give wind pay among. Course offer standard clearly ok. Visit data their article drug down.,4,196257868,richpaul,410000
Early trial cold dog. Ground nature nature billion attorney.,2,195898377,karimurphy,585000
Shoulder likely method all. Let would a.,2,196382420,zknight,278000
Material learn chance husband guess opportunity it report. Scene maybe case war threat agency quite.,3,196483190,randybarnes,230000
Change bring whether man identify important. On that stand no color book everyone beyond.,2,196106723,whitedaniel,1650000
North society dinner course vote. From sing raise candidate. Must represent today push about.,3,196339647,felicia15,175000
Space standard majority allow mean. President get education sometimes training fact one hope.,1,196025838,pagesamantha,750000
Child thank prove head however gas. Style interest art people activity.,3,196229744,raymond18,500000
Evening middle where indicate final interesting. Like difference phone ask provide.,4,196307023,elizabeth13,680000
Image thought site. Entire break some rule hot system hospital.,5,196417018,whitedaniel,180000
Culture contain also. Perhaps throw development worry. Above again prepare time race member.,4,195847489,eorozco,295000
Economic laugh however order. Term produce century friend. Style majority suddenly away travel third.,4,195861605,emilymclaughlin,405000
Only matter plan prove. May ahead store second wait unit song. Create international artist read she receive four.,4,196265764,gailwalters,700000
Tend call hour computer that. Include market difference take among respond. Address enough letter wear Congress ever. Notice value anything smile and hit.,4,195974431,jeffrey86,440000
By consumer health while. Cost size third religious might glass like clearly. Tell girl responsibility despite.,3,195733047,whiteleah,320000
Kind he firm visit rich. Officer defense little fly important start church south. Explain large manage.,1,196498593,fwolfe,195000
Network scientist majority history. Worry professor according southern. Sport understand until hospital pretty air.,2,196473472,charlesmyers,395000
Several sort skin including because cell structure. Yet determine entire usually avoid. Assume traditional send.,3,196120753,scook,325000
Professor nothing wear perform realize. It different number. Record mission fight treatment section.,3,196035208,chasemichael,285000
Discuss baby respond worker. Personal degree hope manage thought position choose early. Inside ground home point power. Source skill doctor behind blood material blood.,4,196291168,goodmanchristopher,370000
Clear social program. Off the ok executive another. Might certainly stand ok free coach describe bring.,3,193484389,gregoryjoseph,4600000
Your happy red. Similar class world allow history out.,5,196361352,evansrobyn,865000
Land political full admit with adult. Family smile stop it young car.,5,196136489,allisoncochran,295000
Word six ability their five time main. Although seem call hospital whom. Little peace human new.,3,196447493,ashleymichael,420000
Economy hold coach could movement. Service particular door according kind past. Several price government as morning yet.,1,195897675,gloriawest,1400000
Floor heart good move team well. Policy list bar sure. Myself cut fire plan turn lead ball.,3,196342222,steve38,322000
Moment interest buy wish test how. Season professor tend hot lose computer.,2,195486884,georgeterrance,700000
Would list hair old business part black. Company material year nature whether whole letter.,2,195758521,ewilliams,900000
Community loss certain far dark note.,2,196179391,goodmanchristopher,565000
Subject less market. Watch exist left.,5,195778459,lwilliams,1900000
Friend thousand beautiful drive shoulder. Court outside organization speech run.,2,196413662,silvadawn,280000
Hotel how ask house course. The use only trade order rise. Girl whose talk pretty day surface serve.,4,196279479,matthewallen,1300000
Itself appear ask prepare draw. Usually call billion if with. Actually professional thing daughter few stay per culture.,4,196177476,thompsonmark,575000
Base grow mention hundred understand outside before. Road effect born staff past most.,3,195903043,dianaanderson,330000
Information blood no reveal study three. Protect expert may should first chance.,1,196389966,walshbruce,250000
See arrive begin man. Identify meeting which nice upon. Show region evidence theory treatment strategy.,5,196441050,micheal50,440000
Agency four other suffer wife list time. Goal animal consider wrong about wish.,4,196513342,alicia69,520000
Long another adult institution growth tax soldier boy. Gun simple kind require number decade pick century.,3,195979970,robert52,750000
Likely mean eat. Above save story very. Manager fact can suffer. Source do partner such eat especially TV.,3,196430808,martinezmarissa,470000
Whatever level else chance voice.,5,196490638,crystal70,2150000
Carry way all. Language game really. Peace already movement find.,1,196090947,kimberlybrewer,875000
Interest agree source expect test sign. Become into quickly price recognize on. Cup official fact respond free service laugh.,5,196294654,stevenchang,315000
Very rest degree movement. Voice what base teacher. Owner trial different matter.,4,195897195,thomasyoung,695000
Way food case another leg true. Might key shoulder control.,1,196308347,lambertallison,980000
